haplotype,p0,p1,p5,p50,p95,p99,p100
BoLA-212:01,25.35,25.507500000000004,26.137500000000003,327.81,6634.330999999996,8187.522199999999,8575.82
BoLA-613:01,1775.2,2207.6050000000005,3937.225,23403.510000000002,29815.554499999995,31916.2949,32441.48
BoLA-A11:01,258.87,312.04740000000004,524.757,4411.5,7949.698499999999,8473.7397,8604.75
Eqca-101:01,4147.69,4722.5704000000005,7022.091999999999,37556.475000000006,43910.256,43958.8272,43970.97
H-2-Db,11720.54,11855.3906,12394.793000000001,32300.230000000003,41638.3085,43667.3657,44174.63
H-2-Dd,4385.68,6304.154200000003,13978.051,33368.28,37163.801,37195.7042,37203.68
H-2-Kb,4425.4,4565.0314,5123.556999999999,24827.245,30694.499499999998,31849.8439,32138.68
H-2-Kd,7867.36,8904.3616,13052.367999999999,35360.899999999994,38639.432,39131.566399999996,39254.6
H-2-Kk,394.5,395.166,397.83,16037.945,34251.3705,35745.554099999994,36119.1
H-2-Ld,15504.81,15762.8661,16795.0905,30203.485,38897.217,40626.56340000001,41058.9
HLA-A01:01,5430.81,5431.0134,5431.826999999999,5448.795,5519.845499999999,5539.217100000001,5544.06
HLA-A02:01,5556.46,5559.5515000000005,5571.9175000000005,5604.15,5627.43,5632.686,5634
HLA-A02:02,1077.07,1662.4822000000004,4004.1309999999994,30447.135000000002,43953.3585,44083.055700000004,44115.48
HLA-A02:03,6071.76,6074.3412,6084.665999999999,6117.8,6146.3025,6153.6285,6155.46
HLA-A02:05,4161.23,4222.436299999999,4467.2615000000005,15263.605,18650.8225,18670.1725,18675.01
HLA-A02:06,7115.01,7364.8725,8364.3225,19018.08,38451.6225,39120.7725,39288.06
HLA-A02:07,3463.92,3689.8704000000002,4593.672,6047.075000000001,6087.345499999999,6100.4531,6103.73
HLA-A02:11,5192.97,5682.4665,7640.452499999999,28218.79,36409.7685,36769.1457,36858.99
HLA-A02:12,11875.54,12234.2332,13669.006000000001,28800.47,34226.375,34548.683000000005,34629.26
HLA-A02:16,8091.44,9265.5746,13962.113000000001,30277.760000000002,34738.191,35412.8382,35581.5
HLA-A02:17,4719.74,5055.7316,6399.697999999999,22691.16,29529.091999999997,30182.0744,30345.32
HLA-A02:19,21276.32,21361.3655,21701.5475,29775.55,32334.563,32481.5366,32518.28
HLA-A02:50,10.12,103.59940000000007,477.51699999999994,28681.050000000003,41124.167499999996,42773.345499999996,43185.64
HLA-A03:01,5619.12,5619.6492,5621.766,5638.765,5664.418,5674.6276,5677.18
HLA-A03:19,3516.81,4047.9603000000006,6172.5615,36735.49,43570.7405,43624.060099999995,43637.39
HLA-A11:01,645.62,3040.998800000002,12622.514,28799.510000000002,34724.8475,35223.1055,35347.67
HLA-A23:01,696.44,751.0052000000001,969.2660000000001,33103.335,41830.826,41839.7972,41842.04
HLA-A24:01,775.16,815.5601,977.1605,2879.935,7235.073499999999,7554.958700000001,7634.93
HLA-A24:02,3831.5,3949.2137,4420.0685,5397.950000000001,5437.369,5443.049800000001,5444.47
HLA-A24:03,22.83,58.80120000000004,202.68599999999998,29576.85,36696.515,37521.382999999994,37727.6
HLA-A25:01,4718.06,5701.067900000001,9633.0995,23933.005,29072.96,29096.072,29101.85
HLA-A26:01,6361.33,6586.168,7485.52,12010.075,13177.609,13189.193800000001,13192.09
HLA-A26:02,10986.24,11272.4805,12417.442500000001,23300.27,31254.085,32092.201,32301.73
HLA-A26:03,4369.61,4602.0044,5531.582,15000.025000000001,17186.9335,17712.810699999998,17844.28
HLA-A29:02,5531.16,5541.725100000001,5583.985500000001,5882.85,5966.413500000001,5966.546700000001,5966.58
HLA-A30:01,791.52,1562.2116000000008,4644.978,22423.27,39503.405999999995,40670.8572,40962.72
HLA-A30:02,270.71,1275.369200000001,5294.006,28520.59,40237.17999999999,42822.268,43468.54
HLA-A31:01,5637.87,5644.8882,5672.960999999999,5733.385,5875.1245,5946.472900000001,5964.31
HLA-A32:01,1308.24,2381.029200000001,6672.186,31971.684999999998,37221.348,37416.3816,37465.14
HLA-A32:07,21,21.212400000000002,22.061999999999998,82.385,282.7279999999999,325.3376,335.99
HLA-A32:15,78.51,85.656,114.24,270.33,715.5359999999998,791.4672,810.45
HLA-A33:01,12575.79,13304.698200000003,16220.331,29500.52,39091.07049999999,42522.486099999995,43380.34
HLA-A66:01,6956.4,7130.985599999999,7829.3279999999995,9981,15350.830499999998,15840.7581,15963.24
HLA-A68:01,3816.49,5544.339700000001,12455.738499999998,34257.22,42047.850999999995,42143.7622,42167.74
HLA-A68:02,5694.45,5697.197700000001,5708.1885,5793.555,5813.764,5818.7608,5820.01
HLA-A68:23,5.69,6.273200000000001,8.606,30.785,112.88499999999993,134.233,139.57
HLA-A69:01,18828.37,19213.699599999996,20755.018,36779.57,38987.4375,39033.319500000005,39044.79
HLA-A80:01,1916.03,3454.8770000000013,9610.265000000001,26620.949999999997,28901.5515,29083.7583,29129.31
HLA-B07:01,609.55,815.2855000000002,1638.2275,12177.95,36239.7055,38410.00510000001,38952.58
HLA-B07:02,19704.67,19910.5144,20733.892,31341.260000000002,35610.291,35628.442200000005,35632.98
HLA-B08:01,4851.1,6197.254300000001,11581.871499999997,28953.34,35649.1045,36051.0049,36151.48
HLA-B08:02,12865.28,13296.721100000002,15022.4855,25589.9,27217.742,27597.916400000002,27692.96
HLA-B08:03,8339.53,9050.206900000001,11892.9145,28191.695,30345.608,30989.4176,31150.37
HLA-B14:01,4801.84,4870.6315,5145.7975,17556.525,37350.7975,37438.7995,37460.8
HLA-B14:02,2597.83,2895.0874000000003,4084.1169999999997,9592.215,15150.468499999999,16288.741700000002,16573.31
HLA-B15:01,4770.09,5871.1545000000015,10275.412499999999,27168.915,32556.057999999997,32714.371600000002,32753.95
HLA-B15:02,93.06,130.46130000000002,280.06649999999996,3440.26,19370.13649999999,22576.8113,23378.48
HLA-B15:03,448.24,474.94930000000005,581.7864999999999,11029.925,32262.283999999996,33865.5368,34266.35
HLA-B15:09,8565.39,8751.1221,9494.0505,18608.815000000002,24151.86799999999,26400.0536,26962.1
HLA-B15:16,9597.49,9735.4879,10287.4795,30169.335,40619.73199999999,42897.610400000005,43467.08
HLA-B15:17,8003.86,8768.3956,11826.538,27018.71,31224.368499999997,31986.6577,32177.23
HLA-B15:42,5484.77,5978.0915,7951.3775000000005,22286.89,27121.817999999992,28774.5636,29187.75
HLA-B18:01,227.49,2088.969000000002,9534.885,27701.09,32361.550000000003,33097.606,33281.62
HLA-B27:01,110.9,116.2532,137.666,17145.925,34976.7355,35755.275100000006,35949.91
HLA-B27:02,119.95,164.46580000000006,342.529,1916.645,3318.7419999999993,3539.9404,3595.24
HLA-B27:03,16593.9,17286.4896,20056.848,26443.54,28009.153,28265.8546,28330.03
HLA-B27:04,946.22,1229.3987000000002,2362.1135,16097.07,23451.680999999993,26043.1122,26690.97
HLA-B27:05,367.21,2519.4655000000016,11128.4875,35469.64,37582.293,37827.330599999994,37888.59
HLA-B27:06,757.61,1022.2748000000001,2080.9339999999997,15806.54,23288.43499999999,26013.671,26694.98
HLA-B27:09,3299.76,3432.9645,3965.7825000000003,22619.04,28728.091999999997,30022.5944,30346.22
HLA-B27:20,1752.23,2198.3402000000006,3982.781,23140.89,29698.490499999993,31909.8661,32462.71
HLA-B35:01,5480.18,5500.862,5583.59,6585.85,6830.02,6835.996,6837.49
HLA-B35:03,18154.27,18197.5249,18370.544500000004,22829.440000000002,32584.11149999999,34527.5103,35013.36
HLA-B35:08,1426.78,1755.0379000000003,3068.0694999999996,18081.46,26060.576999999994,28516.259400000003,29130.18
HLA-B37:01,4508.62,4839.3565,6162.3025,16870.845,21009.6265,22238.4613,22545.67
HLA-B38:01,10365.98,10630.065200000001,11686.405999999999,25661.510000000002,31542.748999999996,32921.9738,33266.78
HLA-B39:01,5818.61,7195.5362000000005,12703.241,26715.78,31842.1645,32235.7129,32334.1
HLA-B39:06,409.12,489.7789000000001,812.4144999999999,10435.314999999999,29410.187499999993,31179.245499999997,31621.51
HLA-B40:01,30956.04,31174.488,32048.28,35695.875,39318.69499999999,39358.331,39368.24
HLA-B40:02,19586.83,20477.1136,24038.248,36931.84,42982.280999999995,43942.7682,44182.89
HLA-B40:13,2839.47,3311.0385,5197.3125,35748.295,43153.695,43201.539,43213.5
HLA-B42:01,1290.64,1787.7019000000007,3775.9494999999997,17152.08,37947.507,39091.06139999999,39376.95
HLA-B44:01,2167.44,2181.8022,2239.251,5706.264999999999,20062.317499999983,25277.367500000004,26581.13
HLA-B44:02,4901.04,4907.1879,4931.779500000001,4974.885,4994.379999999999,4999.276,5000.5
HLA-B44:03,5110.28,5190.0497,5509.1285,6073.139999999999,6109.889499999999,6115.1059000000005,6116.41
HLA-B45:01,13577.66,14773.219100000002,19555.4555,35396.875,39447.799499999994,40859.1039,41211.93
HLA-B45:06,5943.38,5946.344599999999,5958.2029999999995,6649.22,7594.161,7775.1762,7820.43
HLA-B46:01,14854.69,14960.638,15384.43,21391.655,23276.370499999997,23592.6341,23671.7
HLA-B48:01,13551.53,14088.898400000002,16238.372,26369.135000000002,30643.620499999994,32299.3001,32713.22
HLA-B51:01,5673.22,5680.1752,5707.996,5823.995000000001,5910.0560000000005,5917.4432,5919.29
HLA-B53:01,857.91,1532.6616000000006,4231.668,23872.260000000002,40091.48049999999,42940.1281,43652.29
HLA-B54:01,5616.27,5617.2816,5621.328,5721.395,5789.665499999999,5800.685099999999,5803.44
HLA-B57:01,5564.55,5593.475100000001,5709.1755,6002.145,6083.758,6105.127600000001,6110.47
HLA-B57:03,3276.28,5106.510100000001,12427.430499999999,31738.67,35830.357,35890.2394,35905.21
HLA-B58:01,1594.46,1800.5996000000002,2625.158,30626.18,37528.838,37560.0716,37567.88
HLA-B58:02,6555.56,7436.053400000001,10958.027,33464.075,37044.739499999996,37607.1639,37747.77
HLA-B62:01,7137.94,8060.2528,11749.504,30669.385000000002,37695.102,37804.9884,37832.46
HLA-B73:01,1460.64,1516.3671000000002,1739.2755,3594.67,15651.326499999992,18184.8013,18818.17
HLA-B81:01,9904.89,10173.499499999998,11247.9375,22088.004999999997,30433.705499999996,31308.005100000002,31526.58
HLA-B83:01,1399.99,1462.1026,1710.5529999999999,3248.09,6000.366999999998,6486.1294,6607.57
HLA-BF02:0401,1299.71,1311.536,1358.8400000000001,11644.67,17732.431999999993,19385.206400000003,19798.4
HLA-BF02:2101,3478.55,5292.404600000002,12547.823,31979.39,35973.6495,36040.209899999994,36056.85
HLA-C03:03,613.15,855.1249000000001,1823.0245,13138.075,31035.619,31917.395800000002,32137.84
HLA-C03:04,770.44,910.7500000000002,1471.9899999999998,31090.03,42863.28599999999,45398.593199999996,46032.42
HLA-C04:01,4831.94,5051.3033000000005,5928.7564999999995,9166.810000000001,10604.024999999998,11193.021,11340.27
HLA-C05:01,1421.66,1709.2361000000003,2859.5404999999996,19868.605000000003,26694.199499999995,27970.287900000003,28289.31
HLA-C06:02,10.91,19.108100000000007,51.9005,28841.010000000002,35598.90299999999,36117.03660000001,36246.57
HLA-C07:01,12295.06,13423.990300000001,17939.711499999998,32089.895,38154.299499999994,38993.6359,39203.47
HLA-C07:02,21.52,21.7297,22.5685,322.42999999999995,6969.935999999995,8612.0112,9022.53
HLA-C08:01,9956.21,10085.0648,10600.484,30592.6,40832.73649999999,42996.635299999994,43537.61
HLA-C08:02,52.32,53.4594,58.017,1645.13,12293.138999999996,14187.3078,14660.85
HLA-C12:03,286.83,287.8776,292.068,1189.16,9679.9729999999945,10935.0986,11248.88
HLA-C14:02,16.93,25.907500000000006,61.8175,3676,13593.885499999997,15230.8811,15640.13
HLA-C15:02,5587.48,6161.970700000001,8459.9335,15783.619999999999,23772.932499999995,24461.6665,24633.85
HLA-E01:03,9955.43,10026.7568,10312.064,22932.445,36728.136,37298.9232,37441.62
HLA-RT01:01,1825.3,2221.9003000000002,3808.3014999999996,21183.075,28094.06899999999,30411.9578,30991.43
Mamu-A01:01,7727.5,7914.8836,8664.418,18665.425,36148.066499999986,39405.285299999996,40219.59
Mamu-A01:02,398.88,890.4231000000004,2856.5955,11016.29,19810.375,20106.331,20180.32
Mamu-A01:11,337.38,485.3130000000001,1077.0449999999998,11181.47,31636.02499999998,37508.452999999994,38976.56
Mamu-A02:0102,1006.24,1078.0393000000001,1365.2365,3055.9700000000003,5216.758499999998,5748.215700000001,5881.08
Mamu-A02:01,925.03,1326.6379000000002,2933.0695,23762.345,32800.16799999999,36072.84160000001,36891.01
Mamu-A07:0103,1592.16,1765.4118,2458.419,22493.58,33221.02649999999,35988.285299999996,36680.1
Mamu-A07:01,26365.34,26858.298800000004,28830.134,36551.835,43538.1365,44631.611300000004,44904.98
Mamu-A11:01,553.88,818.1560000000002,1875.26,26565.989999999998,36421.12499999999,37898.745,38268.15
Mamu-A22:01,3304.32,4671.079800000001,10138.119,34566.97,42067.643,42667.4966,42817.46
Mamu-A26:01,2869.06,3719.1487000000006,7119.5035,41408.875,44957.256499999996,45124.6673,45166.52
Mamu-B01:01,15086.33,16442.2304,21865.832,45089.535,46377.857,46426.3634,46438.49
Mamu-B03:01,4512.2,5704.319300000001,10472.7965,34044.095,39725.990999999995,40325.830200000004,40475.79
Mamu-B08:01,3577.5,5069.0241000000015,11035.120499999999,37903.020000000004,41574.943499999994,42005.0607,42112.59
Mamu-B10:01,3014.67,3433.5516000000002,5109.0779999999995,21858.52,33629.03349999999,35835.8947,36387.61
Mamu-B17:01,6226.95,6293.8182,6561.291,19523.8,38718.1535,38865.3107,38902.1
Mamu-B17:04,5135.73,5369.9064,6306.611999999999,17597.825,33702.669499999996,34278.1979,34422.08
Mamu-B39:01,3607.63,3781.5415000000003,4477.1875,17428.46,26451.693499999998,26465.218699999998,26468.6
Mamu-B52:01,188.27,347.73290000000014,985.5844999999998,5585.985,19367.97349999999,23026.9307,23941.67
Mamu-B66:01,31.49,32.381,35.945,68.81,1633.7599999999998,1720.16,1741.76
Mamu-B83:01,2293.21,2593.5202,3794.7609999999995,28651.339999999997,39640.909,40589.5738,40826.74
Mamu-B87:01,733.05,807.2442000000001,1104.021,16500.905,25653.001999999997,26202.808399999998,26340.26
Patr-A01:01,15465.2,16667.375000000004,21476.074999999997,32368.535,40812.40599999999,43460.5372,44122.57
Patr-A03:01,6713.31,6777.0318,7031.919,10875.779999999999,16052.078999999994,17136.8958,17408.1
Patr-A04:01,3379.93,3563.3725,4297.1425,17948.865,38095.93349999999,41716.5867,42621.75
Patr-A06:02,824.17,1088.7871000000002,2147.2555,28616.87,39073.2445,39099.0169,39105.46
Patr-A07:01,3120.01,3547.9789000000005,5259.8544999999995,33015.905,41158.7525,42507.438500000004,42844.61
Patr-A09:01,1591.46,1618.7903000000001,1728.1115,17515.155,32220.576,32600.3472,32695.29
Patr-B01:01,9846.96,10014.681299999998,10685.566499999999,36163.56,38465.81049999999,38561.6101,38585.56
Patr-B09:01,1376.59,1741.4509000000003,3200.8945,21226.489999999998,28094.078499999996,30274.6957,30819.85
Patr-B13:01,31.36,82.59520000000003,287.53599999999994,15044.509999999998,26332.283999999992,29457.2568,30238.5
Patr-B24:01,1978.61,2417.7047000000002,4174.0835,31321.255,41081.087499999994,42248.5135,42540.37
SLA-104:01,55.86,67.1928,112.52399999999999,638.45,2285.5974999999994,2493.1195,2545
BoLA-DRB302:01,1330.04,1662.4892000000004,2992.2859999999996,15563.91,25307.8165,25737.5233,25844.95
BoLA-DRB311:01,3764.06,3869.7479000000003,4292.4995,34706.465,41657.068499999994,42810.8937,43099.35
BoLA-DRB312:01,1329.58,1640.5111000000002,2884.2355,15253.154999999999,24894.620499999997,25341.2761,25452.94
H-2-IAb,3424.65,3456.7746,3585.273,13290.26,33983.356499999994,35289.6633,35616.24
H-2-IAd,3909.07,4013.0722,4429.081,35248.025,42104.829,43239.5418,43523.22
H-2-IAk,4137.86,4388.7854,5392.486999999999,13412.035,20003.532,20226.8184,20282.64
H-2-IAp,3461.51,3561.9266000000002,3963.593,33861.54,41145.77099999999,42348.970199999996,42649.77
H-2-IAq,3121.19,3125.0249,3140.3645,11784.735,32347.472999999994,33669.342599999996,33999.81
H-2-IAr,3200.31,3269.1303000000003,3544.4115,30588.075,38437.958,39745.7516,40072.7
H-2-IAs,5524.98,5734.5315,6572.737499999999,13928.09,29555.747499999998,30546.7735,30794.53
H-2-IAu,817.82,864.5858000000001,1051.649,3299.885,25040.807499999995,25524.161500000002,25645
H-2-IEb,1183.2,1483.2816000000003,2683.6079999999997,14053.869999999999,24192.6285,24543.077699999998,24630.69
H-2-IEd,3098.44,3325.5730000000003,4234.105,29660.035,43612.571500000005,44254.3543,44414.8
H-2-IEk,4798.2,5644.735500000001,9030.877499999999,29440.22,39976.25749999999,41996.5955,42501.68
H-2-IEp,5373.43,5476.5871,5889.2155,37524.675,43305.7875,44355.925500000005,44618.46
H-2-IEr,1317.78,1653.2982000000002,2995.371,16110.755000000001,25839.434499999996,26276.2549,26385.46
HLA-DPA101:03-DPB102:01,998.97,1025.5848,1132.044,6451.475,18106.6665,18455.5893,18542.82
HLA-DPA101:03-DPB103:01,977.26,1264.6507000000001,2414.2135,15284.294999999998,22976.0055,23629.2651,23792.58
HLA-DPA101:03-DPB104:01,1397.02,1397.1262000000002,1397.551,9219.505000000001,26373.580499999996,27247.340099999998,27465.78
HLA-DPA101:03-DPB104:02,1130.47,1287.9754000000003,1917.9969999999998,9129.155,15115.748999999996,16763.8938,17175.93
HLA-DPA102:01-DPB101:01,1183.23,1223.9019,1386.5895,7337.535,9750.519999999999,10037.944,10109.8
HLA-DPA102:01-DPB105:01,1219.52,1714.9520000000002,3696.6799999999994,17305.325,31532.098999999995,33214.0118,33634.49
HLA-DPA102:02-DPB105:01,2272.61,2487.7514000000006,3348.317,28487.235,42993.793999999994,43796.6948,43997.42
HLA-DPA103:01-DPB104:02,2314.95,2350.3974,2492.187,11786.795,20476.17099999999,22646.114199999996,23188.6
HLA-DPB101:01,1129.55,1293.0467000000003,1947.0334999999998,8299.66,12564.706499999998,12869.0613,12945.15
HLA-DPB102:01,31.16,128.0963000000001,515.8415,3194.565,13541.385999999999,14141.837200000002,14291.95
HLA-DPB103:01,1427.71,1486.4566,1721.443,16629.614999999998,27642.0185,28073.2517,28181.06
HLA-DPB104:01,359.83,822.3445000000004,2672.4024999999997,15317.155,25179.287999999993,27006.129600000004,27462.84
HLA-DPB104:02,281.63,338.1032000000001,563.996,16754.41,35119.748999999996,37402.357800000005,37973.01
HLA-DPB105:01,2037.67,2287.1707,3285.1735,10495.36,18315.176999999992,21208.907400000004,21932.34
HLA-DPB109:01,201.9,234.3351,364.0755,13871.645,31395.909499999994,33805.2779,34407.62
HLA-DPB111:01,1302.59,1603.7012000000002,2808.146,14748.765,24427.699999999997,24835.363999999998,24937.28
HLA-DPB114:01,1084.59,1321.1298000000002,2267.2889999999998,12826.71,21900.9585,22175.8077,22244.52
HLA-DPB120:01,86.52,163.65810000000008,472.21049999999997,12941.095,20117.445499999998,20835.865100000003,21015.47
HLA-DQA101:01-DQB105:01,1353.27,1663.7547000000004,2905.6935000000003,8930.45,18489.455499999996,19461.0271,19703.92
HLA-DQA101:02-DQB105:01,1349.61,1350.3183,1353.1515,6471.64,12751.276499999998,13546.5993,13745.43
HLA-DQA101:02-DQB105:02,1024.07,1203.8558,1922.9989999999998,5079.04,8653.022999999997,8967.3966,9045.99
HLA-DQA101:02-DQB106:02,4743.52,5512.520500000001,8588.5225,21067.725,34465.586,35203.7012,35388.23
HLA-DQA101:02-DQB106:04,7898.41,8263.9459,9726.0895,23240.63,33830.3715,34127.4183,34201.68
HLA-DQA101:03-DQB106:01,1855.76,1855.8743,1856.3315,28176.495,36285.220499999996,37911.1641,38317.65
HLA-DQA101:03-DQB106:03,2386.76,2467.058,2788.25,8512.419999999998,12713.476499999999,13143.3993,13250.88
HLA-DQA101:04-DQB105:03,769.88,911.8676000000002,1479.8179999999998,4810.615,7352.596499999998,7850.9913,7975.59
HLA-DQA102:01-DQB102:01,2833.29,2836.9098,2851.389,11363.875,31775.307499999995,33169.5335,33518.09
HLA-DQA102:01-DQB102:02,258.27,294.9315,441.5775,2689.4049999999997,7805.272999999999,8514.350600000002,8691.62
HLA-DQA102:01-DQB103:01,800.39,872.4971,1160.9254999999998,5788.8150000000005,9617.287499999999,9810.0495,9858.24
HLA-DQA102:01-DQB103:03,1836.92,1917.4493000000002,2239.5665,8208.35,11175.5015,11177.7803,11178.35
HLA-DQA102:01-DQB104:02,508.61,556.7978,749.549,3845.02,11050.715999999997,12102.103200000001,12364.95
HLA-DQA103:01-DQB102:01,1046.33,1339.7507000000003,2513.4335,13792.535,23877.235,24310.063000000002,24418.27
HLA-DQA103:01-DQB103:01,1909.96,2227.3837000000003,3497.0785,12554.880000000001,19986.641499999998,20997.208300000002,21249.85
HLA-DQA103:01-DQB103:02,4875.51,4928.4084,5140.002,9408.955,24065.143499999984,30433.532700000003,32025.63
HLA-DQA103:01-DQB104:01,1063.48,1282.6066,2159.113,20970.29,36095.09799999999,38669.9476,39313.66
HLA-DQA103:02-DQB103:01,4880.22,4933.428,5146.26,8998.33,24039.00399999998,30461.0728,32066.59
HLA-DQA103:02-DQB104:01,3927.06,4015.2699000000002,4368.1095000000005,14557.61,22668.444999999996,23628.096999999998,23868.01
HLA-DQA103:03-DQB104:02,545.86,685.1719000000002,1242.4195,4692.475,10914.065999999995,12393.4212,12763.26
HLA-DQA104:01-DQB104:02,432.71,537.3809000000001,956.0645,6504.08,20199.270999999986,24406.4542,25458.25
HLA-DQA105:01-DQB102:01,722.17,794.1115,1081.8775,4832.765,18081.84949999999,21346.073900000003,22162.13
HLA-DQA105:01-DQB103:01,1734.54,1892.2236000000003,2522.9579999999996,9982.84,22814.439499999993,24986.0639,25528.97
HLA-DQA105:01-DQB103:02,961.3,1001.8693000000001,1164.1464999999998,3943.785,7317.404999999999,7989.777000000001,8157.87
HLA-DQA105:01-DQB103:03,629.64,676.0152,861.516,3969.17,9458.537499999997,10589.963500000002,10872.82
HLA-DQA105:01-DQB104:02,157.85,164.9978,193.589,2184.205,7474.3964999999935,9291.327299999999,9745.56
HLA-DQA105:05-DQB103:01,2185.68,2524.2357,3878.4584999999997,13464.53,21082.898499999996,22065.435700000002,22311.07
HLA-DQA106:01-DQB104:02,467.13,628.9194000000001,1276.0769999999998,3870.07,10983.261499999993,13216.244300000002,13774.49
HLA-DQB102:01,9648.78,9690.9009,9859.3845,27463.45,40491.653,42337.5386,42799.01
HLA-DQB102:02,2561.11,2739.9499,3455.3095000000003,11044.135,17873.649999999994,19411.354,19795.78
HLA-DQB103:01,12570.46,12593.106699999998,12683.6935,15508.029999999999,31714.276499999993,33994.38330000001,34564.41
HLA-DQB103:02,4264.02,4533.779700000001,5612.818499999999,15662.33,31340.316999999995,33400.7914,33915.91
HLA-DQB103:19,3631.89,3736.3602,4154.241,34428.12,41712.528,42907.8576,43206.69
HLA-DQB104:02,403.98,474.8676000000001,758.4179999999999,4405.475,9163.9305,9329.1381,9370.44
HLA-DQB105:01,2367.33,2761.2744000000002,4337.052,15092.744999999999,26873.653000000002,27034.522600000004,27074.74
HLA-DQB105:02,1831.95,2049.1002000000003,2917.7009999999996,9146.57,12553.647499999995,13941.3215,14288.24
HLA-DQB105:03,1176.6,1468.5591000000004,2636.3955,8009.334999999999,12034.656999999996,13139.8354,13416.13
HLA-DQB106:02,1575.78,1592.0169,1656.9645,19552.489999999998,33856.575,35562.291000000005,35988.72
HLA-DRA01:01-DRB101:01,1348.58,1430.111,1756.2350000000001,7729.97,29932.167999999994,31242.9136,31570.6
HLA-DRA01:01-DRB103:01,1404.26,1498.364,1874.78,6955.76,14182.415999999997,14855.5872,15023.88
HLA-DRA01:01-DRB104:01,2157.01,2284.2988000000005,2793.4539999999997,26169.285,41611.630999999994,42515.5982,42741.59
HLA-DRA01:01-DRB104:04,630.32,676.7267,862.3535,3842.495,10002.990999999998,10750.3582,10937.2
HLA-DRA01:01-DRB107:01,1125.33,1141.5318,1206.339,2723.8500000000004,6128.5689999999995,6190.8418,6206.41
HLA-DRA01:01-DRB108:01,213.11,298.71440000000007,641.132,6374.875,11304.760499999999,11897.288100000002,12045.42
HLA-DRA01:01-DRB109:01,424.43,430.5185,454.8725,919.2649999999999,5182.874499999997,6036.5749000000005,6250
HLA-DRA01:01-DRB111:01,187.93,193.8034,217.297,4704.1,12365.455499999998,12952.6191,13099.41
HLA-DRA01:01-DRB113:01,334.94,355.1567,436.0235,3814.5350000000003,10198.904499999997,10850.1409,11012.95
HLA-DRA01:01-DRB114:54,610.65,618.9597,652.1985,2994.6499999999996,8188.444499999999,8954.3769,9145.86
HLA-DRA01:01-DRB115:01,1444.94,1445.1317,1445.8985,9392.61,26853.6265,27692.293299999998,27901.96
HLA-DRA01:01-DRB301:01,463.42,674.3566000000002,1518.1029999999998,5069.245,10512.293499999996,11371.170699999999,11585.89
HLA-DRA01:01-DRB302:02,1107.71,1217.9879,1659.0995,4117.83,6932.493999999999,7584.2668,7747.21
HLA-DRA01:01-DRB303:01,265.03,269.6785,288.27250000000004,1050.375,6110.651999999999,6402.9864,6476.07
HLA-DRA01:01-DRB401:03,346.82,378.212,503.78,2539.45,8407.916999999998,8953.223399999999,9089.55
HLA-DRA01:01-DRB501:01,88.08,93.7824,116.592,2041.7599999999998,12989.715499999998,13567.4471,13711.88
HLA-DRB101:01,1243.47,1567.6995000000002,2864.6175,15132.17,25007.195499999998,25213.4071,25264.96
HLA-DRB101:02,832.54,906.4111,1201.8954999999999,16884.065000000002,22217.934,22513.234800000002,22587.06
HLA-DRB101:03,1424.58,1931.5707000000002,3959.5334999999995,16960.510000000002,30370.79499999999,32238.583,32705.53
HLA-DRB103:01,452.95,677.7439000000002,1576.9194999999997,15963.255000000001,27158.826999999997,28327.581400000003,28619.77
HLA-DRB103:02,5965.27,6571.126600000001,8994.553,30731.29,35949.7645,36752.848900000005,36953.62
HLA-DRB103:03,830,1087.0040000000004,2115.02,13911.41,21833.962,22583.0644,22770.34
HLA-DRB103:05,3193.37,3206.8763,3260.9015,10582.485,24205.428999999993,26474.645800000002,27041.95
HLA-DRB104:01,178.93,276.3775000000001,666.1675,8827.71,14809.7075,14900.229500000001,14922.86
HLA-DRB104:02,7334.3,7344.335,7384.475,22607.445,37974.960999999996,40551.6322,41195.8
HLA-DRB104:03,9494.27,10130.929100000001,12677.5655,30906.420000000002,39693.52799999999,40060.0656,40151.7
HLA-DRB104:04,3646.87,4336.2556,7093.798,15340.92,33197.888999999996,34302.1458,34578.21
HLA-DRB104:05,1746.81,2198.8368,4006.9439999999995,11391.529999999999,18252.969499999992,20990.0099,21674.27
HLA-DRB104:06,2149.86,2609.9193000000005,4450.1565,18867.945,25307.057,25897.291400000002,26044.85
HLA-DRB104:07,3635.53,3734.4535000000005,4130.1475,34509.15,41624.595499999996,42769.61510000001,43055.87
HLA-DRB104:11,4486.76,5334.029000000001,8723.105,28653.35,39563.703499999996,41628.8687,42145.16
HLA-DRB107:01,2371.69,2375.2891000000004,2389.6855,11594.205,28106.848499999993,29705.489700000002,30105.15
HLA-DRB108:01,2489.58,2673.6714,3410.037,8131.555,15296.067499999996,16624.053499999998,16956.05
HLA-DRB108:02,1837.83,1897.8663000000001,2138.0115,12036.34,21855.589499999995,22884.6459,23141.91
HLA-DRB108:03,5004.73,5848.8355,9225.2575,29609.655,40068.008499999996,42073.809700000005,42575.26
HLA-DRB109:01,1231.58,1241.9993,1283.6765,5512.605,13930.271499999995,15670.9903,16106.17
HLA-DRB110:01,4418.58,4472.3784,4687.572,18341.055,34034.568499999994,35200.7057,35492.24
HLA-DRB111:01,40.77,431.3529000000004,1993.6844999999998,15569.46,29543.215999999993,32558.6912,33312.56
HLA-DRB111:02,4537.05,4736.9139000000005,5536.369500000001,12142.900000000001,27958.897999999997,28879.9796,29110.25
HLA-DRB111:03,1155.71,1156.3706,1159.013,7854.63,23742.1075,24464.8615,24645.55
HLA-DRB111:04,5311.51,5351.2144,5510.032,18347.905,28194.546499999997,28854.941300000002,29020.04
HLA-DRB112:01,1139.56,1158.712,1235.32,8067.495,13582.699,13692.707799999998,13720.21
HLA-DRB112:02,2570.66,2634.2135,2888.4275,12935.72,26469.96699999999,31125.5374,32289.43
HLA-DRB113:01,122.62,131.41660000000002,166.603,11519.075,24102.834,24644.6628,24780.12
HLA-DRB113:02,131.35,234.2236000000001,645.7180000000001,7498.969999999999,19628.748999999996,21283.589799999998,21697.3
HLA-DRB113:03,3044.64,3062.2368,3132.624,12200.805,32907.948,34262.253600000004,34600.83
HLA-DRB113:04,3095.25,3110.9991,3173.9955,12305.645,33021.665499999996,34372.46110000001,34710.16
HLA-DRB114:01,65.06,148.38380000000006,481.679,5655.48,9269.196999999998,9626.9434,9716.38
HLA-DRB114:02,2622.36,3045.8451000000005,4739.7855,20246.589999999997,27879.273499999996,28421.0627,28556.51
HLA-DRB115:01,416.57,489.4079000000001,780.7595,9332.605,30441.311999999998,31058.366400000003,31212.63
HLA-DRB115:02,3111.19,3355.5103000000004,4332.791499999999,15531.54,22695.9755,22721.2511,22727.57
HLA-DRB115:03,2399.72,3080.5727000000006,5803.9835,23205.985,32881.614499999996,33872.9069,34120.73
HLA-DRB116:01,1741.51,2147.6548000000003,3772.2339999999995,17816.43,28643.517999999996,29246.575600000004,29397.34
HLA-DRB116:02,559.73,635.5514000000001,938.837,5481.375,14519.677499999993,16911.4635,17509.41
HLA-DRB301:01,2948.88,3013.2669,3270.8145,9559.9,15160.318,15870.295600000001,16047.79
HLA-DRB302:02,6886.86,6932.662799999999,7115.874,26470.31,33426.588,33599.1576,33642.3
HLA-DRB303:01,332.97,589.6140000000003,1616.19,7889.215,28060.098499999993,30570.5477,31198.16
HLA-DRB401:01,1116.42,1498.7598000000005,3028.1189999999997,11667.195,27994.3075,28316.741499999996,28397.35
HLA-DRB401:03,984.92,1094.0927000000001,1530.7835,6604.469999999999,13995.9005,14207.8361,14260.82
HLA-DRB501:01,4704.89,4814.5865,5253.3724999999995,17600.78,27287.33299999999,28886.5466,29286.35
HLA-DRB501:02,704.78,906.6842000000001,1714.301,8880.97,16858.3775,17183.7635,17265.11
HLA-RT11:01,355.55,452.5349000000001,840.4745,3858.025,12525.157,12777.063400000001,12840.04
Mamu-DRB01,498.89,505.16749999999996,530.2774999999999,1655.1750000000002,3848.2490000000003,3885.1058,3894.32
Mamu-DRB104:06,1548.15,1707.9909000000002,2347.3545,5533.8499999999995,9027.479999999998,9697.007999999998,9864.39
